﻿<?xml version="1.0" encoding="utf-8" ?>
<Package>
  <Participants>
    <Participant type="Role" id="41b3619c-fe14-4eb4-bd70-7e37c94571ae" name="仓库" code="Role_QT" outerId="25"/>
    <Participant type="Role" id="c400a31a-9973-44a4-b0bb-6fe88e6b092a" name="综合部" code="Role_Finance_Manager" outerId="36"/>
  </Participants>
  <WorkflowProcesses>
    <Process name="办公用品入库流程" id="68696ea3-00ab-4b40-8fcf-9859dbbde378">
      <Activities>
        <Activity name="开始" id="e3c8830d-290b-4c1f-bc6d-0e0e78eb0bbf">
          <ActivityType type="StartNode"/>
        </Activity>
        <Activity name="仓库签字" id="c8a6ab46-06ab-485c-a5bc-d6f18db5c2bc">
          <ActivityType type="TaskNode" />
          <Performers>
            <Performer id="41b3619c-fe14-4eb4-bd70-7e37c94571ae" />
          </Performers>
        </Activity>
        <Activity name="Or分支节点" id="a44d219c-c60e-468c-b5ab-3f5159ac24a4">
          <ActivityType type="GatewayNode" gatewaySplitJoinType="Split" gatewayDirection="OrSplit"/>
        </Activity>
        <Activity name="综合部签字" id="e60084e4-517a-4892-a290-517159f1b7f4">
          <ActivityType type="TaskNode" />
          <Performers>
            <Performer id="c400a31a-9973-44a4-b0bb-6fe88e6b092a" />
          </Performers>
        </Activity>
        <Activity name="结束" id="76f7ef75-b538-40c8-b529-0849ca777b94">
          <ActivityType type="EndNode"/>
        </Activity>
      </Activities>
      <Transitions>
        <!--开始—仓库签字-->
        <Transition name="T1" id="a13fbc66-7e62-4dea-a4e6-ea094a231ef6" from="e3c8830d-290b-4c1f-bc6d-0e0e78eb0bbf" to="c8a6ab46-06ab-485c-a5bc-d6f18db5c2bc">
          <Conditions />
        </Transition>
        <!--仓库签字—Or分支节点-->
        <Transition name="T2" id="8dfbbbb7-674f-420a-99cb-5eefb53efbf2" from="c8a6ab46-06ab-485c-a5bc-d6f18db5c2bc" to="a44d219c-c60e-468c-b5ab-3f5159ac24a4">
          <Conditions />
        </Transition>
        <!--Or分支节点—结束-->
        <Transition name="T3" id="7b4e4be7-a74d-4a8b-b2ce-bb367b0186be" from="a44d219c-c60e-468c-b5ab-3f5159ac24a4" to="76f7ef75-b538-40c8-b529-0849ca777b94">
          <Condition type="Expression">
            <ConditionText>
              <![CDATA[
                  surplus == "正常"
                  ]]>
            </ConditionText>
          </Condition>
        </Transition>
        <!--Or分支节点—综合部签字-->
        <Transition name="T4" id="df3ba298-3f28-4b30-983e-5a5c10bf19a6" from="a44d219c-c60e-468c-b5ab-3f5159ac24a4" to="e60084e4-517a-4892-a290-517159f1b7f4">
          <Condition type="Rule">
            <ConditionText>
              <![CDATA[
                  surplus == "超量"
                  ]]>
            </ConditionText>
          </Condition>
        </Transition>
        <!--综合部签字—结束-->
        <Transition name="T5" id="f395dcc2-c4ae-42c2-a6fb-e0cd21ff8e7c" from="e60084e4-517a-4892-a290-517159f1b7f4" to="76f7ef75-b538-40c8-b529-0849ca777b94">
          <Conditions />
        </Transition>
      </Transitions>
    </Process>
  </WorkflowProcesses>
</Package>
