﻿<?xml version="1.0" encoding="utf-8" ?>
<Package>
  <Participants>
    <Participant type="Role" id="60c8a694-632a-4ded-9155-f666e461b078" name="业务员(Sales)" code="salesmate" outerId="9" />
    <Participant type="Role" id="7f9be0fb-7ffa-4b57-8c88-26734fbe3cf6" name="打样员(Tech)" code="techmate" outerId="10" />
  </Participants>
  <WorkflowProcesses>
    <Process name="打样申请流程" id="072af8c3-482a-4b1c-890b-685ce2fcc75d">
      <Activities>
        <Activity name="开始" id="9b78486d-5b8f-4be4-948e-522356e84e79" code="">
          <ActivityType type="StartNode" />
          <Geography>
            <Widget left="36" top="118" width="40" height="40" />
          </Geography>
        </Activity>
        <Activity name="结束" id="b53eb9ab-3af6-41ad-d722-bed946d19792" code="">
          <ActivityType type="EndNode" />
          <Geography>
            <Widget left="689" top="120" width="40" height="40" />
          </Geography>
        </Activity>
        <Activity name="业务员提交" id="3c438212-4863-4ff8-efc9-a9096c4a8230" code="">
          <ActivityType type="TaskNode" />
          <Performers>
            <Performer id="60c8a694-632a-4ded-9155-f666e461b078" />
          </Performers>
          <Geography>
            <Widget left="184" top="116" width="65.2" height="32.2" />
          </Geography>
        </Activity>
        <Activity name="板房签字" id="eb833577-abb5-4239-875a-5f2e2fcb6d57" code="">
          <ActivityType type="TaskNode" />
          <Performers>
            <Performer id="7f9be0fb-7ffa-4b57-8c88-26734fbe3cf6" />
          </Performers>
          <Geography>
            <Widget left="367" top="117" width="65.2" height="32.2" />
          </Geography>
        </Activity>
        <Activity name="业务员确认" id="cab57060-f433-422a-a66f-4a5ecfafd54e" code="">
          <ActivityType type="TaskNode" />
          <Performers>
            <Performer id="60c8a694-632a-4ded-9155-f666e461b078" />
          </Performers>
          <Geography>
            <Widget left="525" top="118" width="65.2" height="32.2" />
          </Geography>
        </Activity>
      </Activities>
      <Transitions>
        <Transition id="5432de95-cbcd-4349-9cf0-7e67904c52aa" from="3c438212-4863-4ff8-efc9-a9096c4a8230" to="eb833577-abb5-4239-875a-5f2e2fcb6d57">
          <Description>请输入转移描述信息</Description>
          <Receiver />
          <Condition />
          <Geography>
            <Line anchors="[[1,0.5,0,0,0,0],[0,0.5,0,0,0,0]]" sourceId="ACT3c438212-4863-4ff8-efc9-a9096c4a8230" targetId="ACTeb833577-abb5-4239-875a-5f2e2fcb6d57" fromConnector="1" toConnector="1" />
          </Geography>
        </Transition>
        <Transition id="ac609b39-b6eb-4506-c36f-670c5ed53f5c" from="eb833577-abb5-4239-875a-5f2e2fcb6d57" to="cab57060-f433-422a-a66f-4a5ecfafd54e">
          <Description>请输入转移描述信息</Description>
          <Receiver />
          <Condition />
          <Geography>
            <Line anchors="[[1,0.5,0,0,0,0],[0,0.5,0,0,0,0]]" sourceId="ACTeb833577-abb5-4239-875a-5f2e2fcb6d57" targetId="ACTcab57060-f433-422a-a66f-4a5ecfafd54e" fromConnector="1" toConnector="1" />
          </Geography>
        </Transition>
        <Transition id="2d5c0e7b-1303-48cb-c22b-3cd2b45701e3" from="cab57060-f433-422a-a66f-4a5ecfafd54e" to="b53eb9ab-3af6-41ad-d722-bed946d19792">
          <Description>请输入转移描述信息</Description>
          <Receiver />
          <Condition />
          <Geography>
            <Line anchors="[[1,0.5,0,0,0,0],[0,0.5,-1,0,0,0]]" sourceId="ACTcab57060-f433-422a-a66f-4a5ecfafd54e" targetId="ACTb53eb9ab-3af6-41ad-d722-bed946d19792" fromConnector="1" toConnector="1" />
          </Geography>
        </Transition>
        <Transition id="9cf01621-2dd5-474a-8889-cdbe53a0b72e" from="9b78486d-5b8f-4be4-948e-522356e84e79" to="3c438212-4863-4ff8-efc9-a9096c4a8230">
          <Description>请输入转移描述信息</Description>
          <Receiver />
          <Condition />
          <Geography>
            <Line anchors="[[1,0.5,1,0,0,0],[0,0.5,0,0,0,0]]" sourceId="ACT9b78486d-5b8f-4be4-948e-522356e84e79" targetId="ACT3c438212-4863-4ff8-efc9-a9096c4a8230" fromConnector="1" toConnector="1" />
          </Geography>
        </Transition>
      </Transitions>
    </Process>
  </WorkflowProcesses>
</Package>